{"global_step": 5, "correct": 0, "similar": 3, "incorrect": 0, "train_loss": 3.6819663047790527, "eval_loss": 0.09783935546875, "_timestamp": 1704618724.914941, "_runtime": 27.316351175308228, "_step": 4}